<?xml version="1.0" encoding="UTF-8"?>
<ow-dc:owBestand xmlns:ow-dc="http://www.geostandaarden.nl/imow/bestanden/deelbestand"
                 xmlns:ow="http://www.geostandaarden.nl/imow/owobject"
                 xmlns:da="http://www.geostandaarden.nl/imow/datatypenalgemeen"
                 xmlns:sl="http://www.geostandaarden.nl/bestanden-ow/standlevering-generiek"
                 xmlns:ga="http://www.geostandaarden.nl/imow/gebiedsaanwijzing"
                 xmlns:k="http://www.geostandaarden.nl/imow/kaart"
                 xmlns:l="http://www.geostandaarden.nl/imow/locatie"
                 xmlns:p="http://www.geostandaarden.nl/imow/pons"
                 xmlns:r="http://www.geostandaarden.nl/imow/regels"
                 xmlns:rol="http://www.geostandaarden.nl/imow/regelsoplocatie"
                 xmlns:vt="http://www.geostandaarden.nl/imow/vrijetekst"
                 xmlns:xlink="http://www.w3.org/1999/xlink"
                 xmlns:xsi="http://www.w3.org/2001/XMLSchema-instance"
                 xsi:schemaLocation="http://www.geostandaarden.nl/imow/bestanden/deelbestand https://register.geostandaarden.nl/xmlschema/tpod/v1.0.2/bestanden-ow/deelbestand-ow/IMOW_Deelbestand.xsd">
   <sl:standBestand>
      <sl:dataset>ws0654</sl:dataset>
      <sl:inhoud>
         <sl:gebied>ws0654</sl:gebied>
         <sl:leveringsId>ws0654_2020-09-22</sl:leveringsId>
         <sl:objectTypen>
            <sl:objectType>Gebied</sl:objectType>
            <sl:objectType>Gebiedengroep</sl:objectType>
         </sl:objectTypen>
      </sl:inhoud>
      <sl:stand>
         <ow-dc:owObject>
            <l:Gebiedengroep>
               <l:identificatie>nl.imow-ws0654.gebiedengroep.aangewOppervlaktewaterlichamen</l:identificatie>
               <l:noemer>Aangewezen oppervlaktewaterlichamen waterschap Aa en Maas</l:noemer>
               <l:groepselement>
                  <l:GebiedRef xlink:href="nl.imow-ws0654.gebied.2020000001"/>
                  <l:GebiedRef xlink:href="nl.imow-ws0654.gebied.2020000002"/>
                  <l:GebiedRef xlink:href="nl.imow-ws0654.gebied.2020000003"/>
                  <l:GebiedRef xlink:href="nl.imow-ws0654.gebied.2020000004"/>
                  <l:GebiedRef xlink:href="nl.imow-ws0654.gebied.2020000005"/>
                  <l:GebiedRef xlink:href="nl.imow-ws0654.gebied.2020000006"/>
                  <l:GebiedRef xlink:href="nl.imow-ws0654.gebied.2020000007"/>
                  <l:GebiedRef xlink:href="nl.imow-ws0654.gebied.2020000008"/>
                  <l:GebiedRef xlink:href="nl.imow-ws0654.gebied.2020000009"/>
                  <l:GebiedRef xlink:href="nl.imow-ws0654.gebied.2020000010"/>
                  <l:GebiedRef xlink:href="nl.imow-ws0654.gebied.2020000011"/>
                  <l:GebiedRef xlink:href="nl.imow-ws0654.gebied.2020000012"/>
                  <l:GebiedRef xlink:href="nl.imow-ws0654.gebied.2020000013"/>
                  <l:GebiedRef xlink:href="nl.imow-ws0654.gebied.2020000014"/>
                  <l:GebiedRef xlink:href="nl.imow-ws0654.gebied.2020000015"/>
                  <l:GebiedRef xlink:href="nl.imow-ws0654.gebied.2020000016"/>
                  <l:GebiedRef xlink:href="nl.imow-ws0654.gebied.2020000017"/>
                  <l:GebiedRef xlink:href="nl.imow-ws0654.gebied.2020000018"/>
                  <l:GebiedRef xlink:href="nl.imow-ws0654.gebied.2020000019"/>
                  <l:GebiedRef xlink:href="nl.imow-ws0654.gebied.2020000020"/>
                  <l:GebiedRef xlink:href="nl.imow-ws0654.gebied.2020000021"/>
                  <l:GebiedRef xlink:href="nl.imow-ws0654.gebied.2020000022"/>
                  <l:GebiedRef xlink:href="nl.imow-ws0654.gebied.2020000023"/>
                  <l:GebiedRef xlink:href="nl.imow-ws0654.gebied.2020000024"/>
                  <l:GebiedRef xlink:href="nl.imow-ws0654.gebied.2020000025"/>
                  <l:GebiedRef xlink:href="nl.imow-ws0654.gebied.2020000026"/>
                  <l:GebiedRef xlink:href="nl.imow-ws0654.gebied.2020000027"/>
               </l:groepselement>
            </l:Gebiedengroep>
         </ow-dc:owObject>
      </sl:stand>
      <sl:stand>
         <ow-dc:owObject>
            <l:Gebiedengroep>
               <l:identificatie>nl.imow-ws0654.gebiedengroep.nietaangewOppvlaktewaterlichamen</l:identificatie>
               <l:noemer>Niet-aangewezen oppervlaktewaterlichamen waterschap Aa en Maas</l:noemer>
               <l:groepselement>
                  <l:GebiedRef xlink:href="nl.imow-ws0654.gebied.2020000028"/>
               </l:groepselement>
            </l:Gebiedengroep>
         </ow-dc:owObject>
      </sl:stand>
      <sl:stand>
         <ow-dc:owObject>
            <l:Gebied>
               <l:identificatie>nl.imow-ws0654.gebied.2020000001</l:identificatie>
               <l:noemer>Dieze</l:noemer>
               <l:geometrie>
                  <l:GeometrieRef xlink:href="cbb3de54-87f9-4324-be3f-38ce464a79cf"/>
               </l:geometrie>
            </l:Gebied>
         </ow-dc:owObject>
      </sl:stand>
      <sl:stand>
         <ow-dc:owObject>
            <l:Gebied>
               <l:identificatie>nl.imow-ws0654.gebied.2020000002</l:identificatie>
               <l:noemer>Stads-Aa</l:noemer>
               <l:geometrie>
                  <l:GeometrieRef xlink:href="5c8da032-7461-43e5-943b-4551e2743e31"/>
               </l:geometrie>
            </l:Gebied>
         </ow-dc:owObject>
      </sl:stand>
      <sl:stand>
         <ow-dc:owObject>
            <l:Gebied>
               <l:identificatie>nl.imow-ws0654.gebied.2020000003</l:identificatie>
               <l:noemer>Koningsvliet</l:noemer>
               <l:geometrie>
                  <l:GeometrieRef xlink:href="fe872bf0-692c-43c9-937e-856215134c4e"/>
               </l:geometrie>
            </l:Gebied>
         </ow-dc:owObject>
      </sl:stand>
      <sl:stand>
         <ow-dc:owObject>
            <l:Gebied>
               <l:identificatie>nl.imow-ws0654.gebied.2020000004</l:identificatie>
               <l:noemer>Gekanaliseerde Dieze, Zuid-Willemsvaart</l:noemer>
               <l:geometrie>
                  <l:GeometrieRef xlink:href="149b6e9e-a40b-426f-8d61-55b9b60304f6"/>
               </l:geometrie>
            </l:Gebied>
         </ow-dc:owObject>
      </sl:stand>
      <sl:stand>
         <ow-dc:owObject>
            <l:Gebied>
               <l:identificatie>nl.imow-ws0654.gebied.2020000005</l:identificatie>
               <l:noemer>Aa benedenstrooms Veghel tot Den Bosch</l:noemer>
               <l:geometrie>
                  <l:GeometrieRef xlink:href="30714e4e-c444-4a0c-89c4-1f5bb52de3fc"/>
               </l:geometrie>
            </l:Gebied>
         </ow-dc:owObject>
      </sl:stand>
      <sl:stand>
         <ow-dc:owObject>
            <l:Gebied>
               <l:identificatie>nl.imow-ws0654.gebied.2020000006</l:identificatie>
               <l:noemer>Hoefgraaf</l:noemer>
               <l:geometrie>
                  <l:GeometrieRef xlink:href="21df2bb9-5756-48d0-9585-ac5dba88b4fd"/>
               </l:geometrie>
            </l:Gebied>
         </ow-dc:owObject>
      </sl:stand>
      <sl:stand>
         <ow-dc:owObject>
            <l:Gebied>
               <l:identificatie>nl.imow-ws0654.gebied.2020000007</l:identificatie>
               <l:noemer>Teeffelensche Wetering</l:noemer>
               <l:geometrie>
                  <l:GeometrieRef xlink:href="ecfbbf58-6b2a-449a-a51f-f55e318142d1"/>
               </l:geometrie>
            </l:Gebied>
         </ow-dc:owObject>
      </sl:stand>
      <sl:stand>
         <ow-dc:owObject>
            <l:Gebied>
               <l:identificatie>nl.imow-ws0654.gebied.2020000008</l:identificatie>
               <l:noemer>Traverse door Helmond</l:noemer>
               <l:geometrie>
                  <l:GeometrieRef xlink:href="b3d62b30-0062-4abf-9e62-6acb489e3244"/>
               </l:geometrie>
            </l:Gebied>
         </ow-dc:owObject>
      </sl:stand>
      <sl:stand>
         <ow-dc:owObject>
            <l:Gebied>
               <l:identificatie>nl.imow-ws0654.gebied.2020000009</l:identificatie>
               <l:noemer>Industriehaven te Helmond</l:noemer>
               <l:geometrie>
                  <l:GeometrieRef xlink:href="e883f431-83d0-4e70-a182-403d1e97da64"/>
               </l:geometrie>
            </l:Gebied>
         </ow-dc:owObject>
      </sl:stand>
      <sl:stand>
         <ow-dc:owObject>
            <l:Gebied>
               <l:identificatie>nl.imow-ws0654.gebied.2020000010</l:identificatie>
               <l:noemer>Oude Zuid-Willemsvaart</l:noemer>
               <l:geometrie>
                  <l:GeometrieRef xlink:href="3224a5c4-c8fa-4c3a-ba5c-c772bea2f59d"/>
               </l:geometrie>
            </l:Gebied>
         </ow-dc:owObject>
      </sl:stand>
      <sl:stand>
         <ow-dc:owObject>
            <l:Gebied>
               <l:identificatie>nl.imow-ws0654.gebied.2020000011</l:identificatie>
               <l:noemer>Stadsdommel</l:noemer>
               <l:geometrie>
                  <l:GeometrieRef xlink:href="e41e0b03-d5b5-49eb-8e43-80ba06bdef70"/>
               </l:geometrie>
            </l:Gebied>
         </ow-dc:owObject>
      </sl:stand>
      <sl:stand>
         <ow-dc:owObject>
            <l:Gebied>
               <l:identificatie>nl.imow-ws0654.gebied.2020000012</l:identificatie>
               <l:noemer>Industriehavens â€™s-Hertogenbosch</l:noemer>
               <l:geometrie>
                  <l:GeometrieRef xlink:href="53b409a3-c034-4e58-8527-3309d13b1129"/>
               </l:geometrie>
            </l:Gebied>
         </ow-dc:owObject>
      </sl:stand>
      <sl:stand>
         <ow-dc:owObject>
            <l:Gebied>
               <l:identificatie>nl.imow-ws0654.gebied.2020000013</l:identificatie>
               <l:noemer>Rietveldenhaven</l:noemer>
               <l:geometrie>
                  <l:GeometrieRef xlink:href="d44ea7ae-0154-4e19-9f38-acbc7fa59ddc"/>
               </l:geometrie>
            </l:Gebied>
         </ow-dc:owObject>
      </sl:stand>
      <sl:stand>
         <ow-dc:owObject>
            <l:Gebied>
               <l:identificatie>nl.imow-ws0654.gebied.2020000014</l:identificatie>
               <l:noemer>Haven Noord of Burgemeester van Veldhuizenhaven</l:noemer>
               <l:geometrie>
                  <l:GeometrieRef xlink:href="008d60c9-5ed8-4dd3-8869-33578281991c"/>
               </l:geometrie>
            </l:Gebied>
         </ow-dc:owObject>
      </sl:stand>
      <sl:stand>
         <ow-dc:owObject>
            <l:Gebied>
               <l:identificatie>nl.imow-ws0654.gebied.2020000015</l:identificatie>
               <l:noemer>Hertogswetering, Grave tot Ossermeer</l:noemer>
               <l:geometrie>
                  <l:GeometrieRef xlink:href="c87911ed-1a29-4bc1-8789-97c30687eef7"/>
               </l:geometrie>
            </l:Gebied>
         </ow-dc:owObject>
      </sl:stand>
      <sl:stand>
         <ow-dc:owObject>
            <l:Gebied>
               <l:identificatie>nl.imow-ws0654.gebied.2020000016</l:identificatie>
               <l:noemer>Hertogswetering, Ossermeer tot Gewande</l:noemer>
               <l:geometrie>
                  <l:GeometrieRef xlink:href="c480d9ba-1d2c-42ec-a65a-94bf2a652f31"/>
               </l:geometrie>
            </l:Gebied>
         </ow-dc:owObject>
      </sl:stand>
      <sl:stand>
         <ow-dc:owObject>
            <l:Gebied>
               <l:identificatie>nl.imow-ws0654.gebied.2020000017</l:identificatie>
               <l:noemer>Aa door stedelijk gebied Veghel</l:noemer>
               <l:geometrie>
                  <l:GeometrieRef xlink:href="a3b2dc2d-d03d-4d94-9f40-8ed83ac2ab1f"/>
               </l:geometrie>
            </l:Gebied>
         </ow-dc:owObject>
      </sl:stand>
      <sl:stand>
         <ow-dc:owObject>
            <l:Gebied>
               <l:identificatie>nl.imow-ws0654.gebied.2020000018</l:identificatie>
               <l:noemer>Eindhovens Kanaal</l:noemer>
               <l:geometrie>
                  <l:GeometrieRef xlink:href="1e203bb5-57d1-4351-b6f2-44bf898ef355"/>
               </l:geometrie>
            </l:Gebied>
         </ow-dc:owObject>
      </sl:stand>
      <sl:stand>
         <ow-dc:owObject>
            <l:Gebied>
               <l:identificatie>nl.imow-ws0654.gebied.2020000019</l:identificatie>
               <l:noemer>Aa van Gemert tot Veghel</l:noemer>
               <l:geometrie>
                  <l:GeometrieRef xlink:href="b927f765-7b3f-4ca8-b718-483c41cf6bde"/>
               </l:geometrie>
            </l:Gebied>
         </ow-dc:owObject>
      </sl:stand>
      <sl:stand>
         <ow-dc:owObject>
            <l:Gebied>
               <l:identificatie>nl.imow-ws0654.gebied.2020000020</l:identificatie>
               <l:noemer>Eindhovens Kanaal</l:noemer>
               <l:geometrie>
                  <l:GeometrieRef xlink:href="0d8deb10-8e49-47ad-bacc-fdbd95c88e30"/>
               </l:geometrie>
            </l:Gebied>
         </ow-dc:owObject>
      </sl:stand>
      <sl:stand>
         <ow-dc:owObject>
            <l:Gebied>
               <l:identificatie>nl.imow-ws0654.gebied.2020000021</l:identificatie>
               <l:noemer>Koningsvliet</l:noemer>
               <l:geometrie>
                  <l:GeometrieRef xlink:href="b4233642-5523-4c93-ac11-b83110bb68df"/>
               </l:geometrie>
            </l:Gebied>
         </ow-dc:owObject>
      </sl:stand>
      <sl:stand>
         <ow-dc:owObject>
            <l:Gebied>
               <l:identificatie>nl.imow-ws0654.gebied.2020000022</l:identificatie>
               <l:noemer>Oude Maasje</l:noemer>
               <l:geometrie>
                  <l:GeometrieRef xlink:href="25d90d3b-1492-47b3-b7ed-74a37ea508ff"/>
               </l:geometrie>
            </l:Gebied>
         </ow-dc:owObject>
      </sl:stand>
      <sl:stand>
         <ow-dc:owObject>
            <l:Gebied>
               <l:identificatie>nl.imow-ws0654.gebied.2020000023</l:identificatie>
               <l:noemer>Eindhovens Kanaal</l:noemer>
               <l:geometrie>
                  <l:GeometrieRef xlink:href="0f909f7b-eb2e-4f59-9e1d-4811c505af65"/>
               </l:geometrie>
            </l:Gebied>
         </ow-dc:owObject>
      </sl:stand>
      <sl:stand>
         <ow-dc:owObject>
            <l:Gebied>
               <l:identificatie>nl.imow-ws0654.gebied.2020000024</l:identificatie>
               <l:noemer>Eindhovens Kanaal</l:noemer>
               <l:geometrie>
                  <l:GeometrieRef xlink:href="8926da2f-1711-45f0-af1b-33205aa7a6a1"/>
               </l:geometrie>
            </l:Gebied>
         </ow-dc:owObject>
      </sl:stand>
      <sl:stand>
         <ow-dc:owObject>
            <l:Gebied>
               <l:identificatie>nl.imow-ws0654.gebied.2020000025</l:identificatie>
               <l:noemer>Kraaijenbergse Plassen</l:noemer>
               <l:geometrie>
                  <l:GeometrieRef xlink:href="acda6921-43e5-46b8-8812-0e285b5f2afd"/>
               </l:geometrie>
            </l:Gebied>
         </ow-dc:owObject>
      </sl:stand>
      <sl:stand>
         <ow-dc:owObject>
            <l:Gebied>
               <l:identificatie>nl.imow-ws0654.gebied.2020000026</l:identificatie>
               <l:noemer>Drongelens Kanaal</l:noemer>
               <l:geometrie>
                  <l:GeometrieRef xlink:href="032786e0-5b9a-4c4c-8e93-7b5dc360c1fb"/>
               </l:geometrie>
            </l:Gebied>
         </ow-dc:owObject>
      </sl:stand>
      <sl:stand>
         <ow-dc:owObject>
            <l:Gebied>
               <l:identificatie>nl.imow-ws0654.gebied.2020000027</l:identificatie>
               <l:noemer>Oude Maasje</l:noemer>
               <l:geometrie>
                  <l:GeometrieRef xlink:href="3f5d5419-9d9f-4822-9c32-f49831a28d1d"/>
               </l:geometrie>
            </l:Gebied>
         </ow-dc:owObject>
      </sl:stand>
      <sl:stand>
         <ow-dc:owObject>
            <l:Gebied>
               <l:identificatie>nl.imow-ws0654.gebied.2020000028</l:identificatie>
               <l:geometrie>
                  <l:GeometrieRef xlink:href="15c7101b-50b9-46a0-b799-a1d0f0311505"/>
               </l:geometrie>
            </l:Gebied>
         </ow-dc:owObject>
      </sl:stand>
   </sl:standBestand>
</ow-dc:owBestand>
