<?xml version="1.0" encoding="UTF-8"?>
<basisgeo:FeatureCollectionGeometrie xmlns:basisgeo="http://www.geostandaarden.nl/basisgeometrie/1.0"
                                     xmlns:gml="http://www.opengis.net/gml/3.2">
   <basisgeo:featureMember>
      <basisgeo:Geometrie xmlns:geo="https://standaarden.overheid.nl/stop/imop/geo/"
                          xmlns:gio="https://standaarden.overheid.nl/stop/imop/gio/"
                          gml:id="id-627d6300-6301-4da2-a617-a8a30d193468-xx">
         <basisgeo:id>627d6300-6301-4da2-a617-a8a30d193468</basisgeo:id>
         <basisgeo:geometrie>
            <gml:MultiSurface srsName="urn:ogc:def:crs:EPSG::28992"
                              gml:id="id-627d6300-6301-4da2-a617-a8a30d193468">
               <gml:surfaceMember>
                  <gml:Polygon>
                     <gml:exterior>
                        <gml:LinearRing>
                           <gml:posList>114328.689 503720.42 114328.982 503720.09 114329.121 503719.934 114327.49 503720.206 114327.852 503720.481 114327.954 503721.043 114328.029 503721.453 114328.694 503721.388 114328.689 503720.42</gml:posList>
                        </gml:LinearRing>
                     </gml:exterior>
                  </gml:Polygon>
               </gml:surfaceMember>
            </gml:MultiSurface>
         </basisgeo:geometrie>
      </basisgeo:Geometrie>
   </basisgeo:featureMember>
</basisgeo:FeatureCollectionGeometrie>
